{
    "n": [
        250,
        500,
        750,
        1000,
        1250
    ],
    "accuracy": [
        0.5501821795296455,
        0.6425968863862206,
        0.6760516727393177,
        0.695925803246108,
        0.7237495859556144
    ],
    "f1_micro": [
        0.661052050255419,
        0.7612850752338348,
        0.7894877983373559,
        0.8081287938770125,
        0.8238107892638852
    ],
    "f1_macro": [
        0.16932561159092682,
        0.2984384903167974,
        0.3492418734742842,
        0.4044161168878805,
        0.4200584164848327
    ]
}