{
    "n": [
        250,
        500,
        750,
        1000,
        1250
    ],
    "accuracy": [
        0.5819807883405101,
        0.6230539913878768,
        0.6432593574031136,
        0.6512090096058297,
        0.6767141437562106
    ],
    "f1_micro": [
        0.6764038570618264,
        0.7084933845497227,
        0.7416087962962963,
        0.7359839816933639,
        0.7567490358520211
    ],
    "f1_macro": [
        0.12675719476758412,
        0.1574737343007241,
        0.1945485462500277,
        0.1839083195522621,
        0.19963791973204642
    ]
}