{
    "n": [
        250,
        500,
        750,
        1000,
        1250
    ],
    "accuracy": [
        0.6641271944352435,
        0.6936071546869824,
        0.725405763497847,
        0.7297118251076515,
        0.7383239483272607
    ],
    "f1_micro": [
        0.7391164140599807,
        0.7677141096734442,
        0.7932604735883424,
        0.7957926371149512,
        0.8053491827637443
    ],
    "f1_macro": [
        0.12084790064539441,
        0.17948930220109657,
        0.21968703436686965,
        0.231576735928507,
        0.2592550545252578
    ]
}