{
    "n": [
        250,
        500,
        750,
        1000,
        1250
    ],
    "accuracy": [
        0.6412719443524346,
        0.7466048360384233,
        0.8072209340841339,
        0.8052335210334548,
        0.820470354421994
    ],
    "f1_micro": [
        0.7115607895173329,
        0.8137108792846497,
        0.8558273381294964,
        0.8558777317526067,
        0.8684431977559607
    ],
    "f1_macro": [
        0.05404699101756798,
        0.18282761022383695,
        0.32273767109896007,
        0.3327652154521682,
        0.3587827174688488
    ]
}