{
    "n": [
        250,
        500,
        750,
        1000,
        1250
    ],
    "accuracy": [
        0.7128188141768798,
        0.785028155018218,
        0.813183173236171,
        0.8145081152699569,
        0.8121894667108314
    ],
    "f1_micro": [
        0.7789021772462436,
        0.839136690647482,
        0.8613469156762874,
        0.8593947923997184,
        0.8663491173998318
    ],
    "f1_macro": [
        0.12947019606662494,
        0.3065946468853819,
        0.368898018547029,
        0.38582183540160725,
        0.426238143146844
    ]
}