{
    "n": [
        250,
        500,
        750,
        1000,
        1250
    ],
    "accuracy": [
        0.5501821795296455,
        0.6416031798608811,
        0.6760516727393177,
        0.6989069228221265,
        0.7220934084133819
    ],
    "f1_micro": [
        0.661052050255419,
        0.7608459869848155,
        0.7894877983373559,
        0.8089323467230444,
        0.8220924057355286
    ],
    "f1_macro": [
        0.16932561159092682,
        0.29832472192993664,
        0.3492418734742842,
        0.40427308441137105,
        0.4198684323369125
    ]
}