{
    "n": [
        250,
        500,
        750,
        1000,
        1250
    ],
    "accuracy": [
        0.5935740311361378,
        0.6581649552832064,
        0.6740642596886386,
        0.7035442199403776,
        0.7101689301093077
    ],
    "f1_micro": [
        0.6693744922826971,
        0.7365000773634536,
        0.7537855844942458,
        0.782139646388972,
        0.7862742197899719
    ],
    "f1_macro": [
        0.14641596839963955,
        0.18882552576870582,
        0.21896953934402366,
        0.2802755070539997,
        0.28658641574679494
    ]
}